gpu,fold,arm,k,regret
a6000,0,random,1,2.549864
a6000,0,random,2,1.496904
a6000,0,random,4,1.330118
a6000,0,random,8,1.240862
a6000,0,random,16,1.179572
a6000,0,random,32,1.136218
a6000,0,random,64,1.095958
a6000,0,random,128,1.067785
a6000,0,random,256,1.048597
a6000,0,random,512,1.034005
a6000,0,random,1024,1.024332
a6000,0,random,2048,1.014578
a6000,0,random,4096,1.006147
a6000,0,random_pruned,1,1.738619
a6000,0,random_pruned,2,1.480843
a6000,0,random_pruned,4,1.332982
a6000,0,random_pruned,8,1.252633
a6000,0,random_pruned,16,1.187675
a6000,0,random_pruned,32,1.133937
a6000,0,random_pruned,64,1.098071
a6000,0,random_pruned,128,1.070735
a6000,0,random_pruned,256,1.052376
a6000,0,random_pruned,512,1.035865
a6000,0,random_pruned,1024,1.024851
a6000,0,random_pruned,2048,1.014083
a6000,0,random_pruned,4096,1.005159
a6000,0,random_cond,1,4.250954
a6000,0,random_cond,2,2.137159
a6000,0,random_cond,4,1.410937
a6000,0,random_cond,8,1.305082
a6000,0,random_cond,16,1.206099
a6000,0,random_cond,32,1.151295
a6000,0,random_cond,64,1.115455
a6000,0,random_cond,128,1.089312
a6000,0,random_cond,256,1.069398
a6000,0,random_cond,512,1.056063
a6000,0,random_cond,1024,1.043269
a6000,0,random_cond,2048,1.028895
a6000,0,random_cond,4096,1.017438
a6000,0,tpe,1,1.891185
a6000,0,tpe,2,1.409237
a6000,0,tpe,4,1.396227
a6000,0,tpe,8,1.325320
a6000,0,tpe,16,1.199921
a6000,0,tpe,32,1.118877
a6000,0,tpe,64,1.085801
a6000,0,tpe,128,1.067411
a6000,0,tpe,256,1.047593
a6000,0,tpe,512,1.031597
a6000,0,tpe,1024,1.015489
a6000,0,our_rule,0,1.100351
a6000,0,vendor,0,1.092486
a6000,1,random,1,2.586105
a6000,1,random,2,1.551649
a6000,1,random,4,1.332005
a6000,1,random,8,1.238973
a6000,1,random,16,1.164512
a6000,1,random,32,1.116494
a6000,1,random,64,1.081318
a6000,1,random,128,1.056853
a6000,1,random,256,1.038737
a6000,1,random,512,1.026069
a6000,1,random,1024,1.017371
a6000,1,random,2048,1.008633
a6000,1,random,4096,1.003866
a6000,1,random_pruned,1,1.792161
a6000,1,random_pruned,2,1.518832
a6000,1,random_pruned,4,1.354977
a6000,1,random_pruned,8,1.241816
a6000,1,random_pruned,16,1.171743
a6000,1,random_pruned,32,1.118374
a6000,1,random_pruned,64,1.080056
a6000,1,random_pruned,128,1.059277
a6000,1,random_pruned,256,1.043710
a6000,1,random_pruned,512,1.028062
a6000,1,random_pruned,1024,1.017728
a6000,1,random_pruned,2048,1.008588
a6000,1,random_pruned,4096,1.003497
a6000,1,random_cond,1,3.392955
a6000,1,random_cond,2,2.013451
a6000,1,random_cond,4,1.420157
a6000,1,random_cond,8,1.249859
a6000,1,random_cond,16,1.171571
a6000,1,random_cond,32,1.120103
a6000,1,random_cond,64,1.084966
a6000,1,random_cond,128,1.064787
a6000,1,random_cond,256,1.044237
a6000,1,random_cond,512,1.033100
a6000,1,random_cond,1024,1.027916
a6000,1,random_cond,2048,1.020341
a6000,1,random_cond,4096,1.009190
a6000,1,tpe,1,1.957091
a6000,1,tpe,2,1.623273
a6000,1,tpe,4,1.386173
a6000,1,tpe,8,1.259139
a6000,1,tpe,16,1.174298
a6000,1,tpe,32,1.118380
a6000,1,tpe,64,1.081109
a6000,1,tpe,128,1.051469
a6000,1,tpe,256,1.037155
a6000,1,tpe,512,1.024902
a6000,1,tpe,1024,1.011996
a6000,1,our_rule,0,1.105289
a6000,1,vendor,0,1.089068
a6000,2,random,1,2.570110
a6000,2,random,2,1.602008
a6000,2,random,4,1.399554
a6000,2,random,8,1.276981
a6000,2,random,16,1.181429
a6000,2,random,32,1.133361
a6000,2,random,64,1.091200
a6000,2,random,128,1.065757
a6000,2,random,256,1.045825
a6000,2,random,512,1.033467
a6000,2,random,1024,1.021059
a6000,2,random,2048,1.010980
a6000,2,random,4096,1.004590
a6000,2,random_pruned,1,1.896281
a6000,2,random_pruned,2,1.612763
a6000,2,random_pruned,4,1.408706
a6000,2,random_pruned,8,1.286914
a6000,2,random_pruned,16,1.200729
a6000,2,random_pruned,32,1.136976
a6000,2,random_pruned,64,1.098353
a6000,2,random_pruned,128,1.062480
a6000,2,random_pruned,256,1.045349
a6000,2,random_pruned,512,1.028766
a6000,2,random_pruned,1024,1.020332
a6000,2,random_pruned,2048,1.010250
a6000,2,random_pruned,4096,1.003849
a6000,2,random_cond,1,4.999772
a6000,2,random_cond,2,2.100545
a6000,2,random_cond,4,1.456987
a6000,2,random_cond,8,1.295504
a6000,2,random_cond,16,1.230315
a6000,2,random_cond,32,1.161240
a6000,2,random_cond,64,1.106654
a6000,2,random_cond,128,1.080565
a6000,2,random_cond,256,1.059756
a6000,2,random_cond,512,1.046296
a6000,2,random_cond,1024,1.033794
a6000,2,random_cond,2048,1.023690
a6000,2,random_cond,4096,1.013111
a6000,2,tpe,1,1.948702
a6000,2,tpe,2,1.546417
a6000,2,tpe,4,1.449275
a6000,2,tpe,8,1.388289
a6000,2,tpe,16,1.173668
a6000,2,tpe,32,1.135582
a6000,2,tpe,64,1.090889
a6000,2,tpe,128,1.066189
a6000,2,tpe,256,1.048840
a6000,2,tpe,512,1.033418
a6000,2,tpe,1024,1.023289
a6000,2,our_rule,0,1.063481
a6000,2,vendor,0,1.080987
a6000,3,random,1,2.338980
a6000,3,random,2,1.550405
a6000,3,random,4,1.309005
a6000,3,random,8,1.220168
a6000,3,random,16,1.160517
a6000,3,random,32,1.116053
a6000,3,random,64,1.081635
a6000,3,random,128,1.061409
a6000,3,random,256,1.044828
a6000,3,random,512,1.030726
a6000,3,random,1024,1.021247
a6000,3,random,2048,1.011055
a6000,3,random,4096,1.004467
a6000,3,random_pruned,1,1.803858
a6000,3,random_pruned,2,1.497559
a6000,3,random_pruned,4,1.321362
a6000,3,random_pruned,8,1.239873
a6000,3,random_pruned,16,1.171598
a6000,3,random_pruned,32,1.123980
a6000,3,random_pruned,64,1.090753
a6000,3,random_pruned,128,1.066169
a6000,3,random_pruned,256,1.046246
a6000,3,random_pruned,512,1.031754
a6000,3,random_pruned,1024,1.020576
a6000,3,random_pruned,2048,1.009834
a6000,3,random_pruned,4096,1.003517
a6000,3,random_cond,1,2.904625
a6000,3,random_cond,2,1.913050
a6000,3,random_cond,4,1.417633
a6000,3,random_cond,8,1.248473
a6000,3,random_cond,16,1.186942
a6000,3,random_cond,32,1.137497
a6000,3,random_cond,64,1.103958
a6000,3,random_cond,128,1.076455
a6000,3,random_cond,256,1.059940
a6000,3,random_cond,512,1.047947
a6000,3,random_cond,1024,1.037889
a6000,3,random_cond,2048,1.026078
a6000,3,random_cond,4096,1.012842
a6000,3,tpe,1,1.846737
a6000,3,tpe,2,1.577971
a6000,3,tpe,4,1.404553
a6000,3,tpe,8,1.347546
a6000,3,tpe,16,1.154073
a6000,3,tpe,32,1.120217
a6000,3,tpe,64,1.076562
a6000,3,tpe,128,1.064685
a6000,3,tpe,256,1.049106
a6000,3,tpe,512,1.038252
a6000,3,tpe,1024,1.024543
a6000,3,our_rule,0,1.122691
a6000,3,vendor,0,1.062970
a6000,pooled,random,1,2.509821
a6000,pooled,random,2,1.548968
a6000,pooled,random,4,1.342058
a6000,pooled,random,8,1.244028
a6000,pooled,random,16,1.171596
a6000,pooled,random,32,1.125657
a6000,pooled,random,64,1.087639
a6000,pooled,random,128,1.063017
a6000,pooled,random,256,1.044553
a6000,pooled,random,512,1.031107
a6000,pooled,random,1024,1.021051
a6000,pooled,random,2048,1.011359
a6000,pooled,random,4096,1.004788
a6000,pooled,random_pruned,1,1.805628
a6000,pooled,random_pruned,2,1.525848
a6000,pooled,random_pruned,4,1.353723
a6000,pooled,random_pruned,8,1.255124
a6000,pooled,random_pruned,16,1.182958
a6000,pooled,random_pruned,32,1.128391
a6000,pooled,random_pruned,64,1.091893
a6000,pooled,random_pruned,128,1.064763
a6000,pooled,random_pruned,256,1.047011
a6000,pooled,random_pruned,512,1.031190
a6000,pooled,random_pruned,1024,1.020938
a6000,pooled,random_pruned,2048,1.010746
a6000,pooled,random_pruned,4096,1.004025
a6000,pooled,random_cond,1,3.810815
a6000,pooled,random_cond,2,2.040669
a6000,pooled,random_cond,4,1.426078
a6000,pooled,random_cond,8,1.274934
a6000,pooled,random_cond,16,1.198647
a6000,pooled,random_cond,32,1.142565
a6000,pooled,random_cond,64,1.102897
a6000,pooled,random_cond,128,1.077921
a6000,pooled,random_cond,256,1.058464
a6000,pooled,random_cond,512,1.045976
a6000,pooled,random_cond,1024,1.035818
a6000,pooled,random_cond,2048,1.024810
a6000,pooled,random_cond,4096,1.013207
a6000,pooled,tpe,1,1.910101
a6000,pooled,tpe,2,1.535041
a6000,pooled,tpe,4,1.408658
a6000,pooled,tpe,8,1.329183
a6000,pooled,tpe,16,1.175751
a6000,pooled,tpe,32,1.123174
a6000,pooled,tpe,64,1.083612
a6000,pooled,tpe,128,1.062496
a6000,pooled,tpe,256,1.045691
a6000,pooled,tpe,512,1.032024
a6000,pooled,tpe,1024,1.018765
a6000,pooled,our_rule,0,1.099334
a6000,pooled,vendor,0,1.081488
5090,0,random,1,1.707345
5090,0,random,2,1.238463
5090,0,random,4,1.135789
5090,0,random,8,1.089964
5090,0,random,16,1.057562
5090,0,random,32,1.037666
5090,0,random,64,1.026851
5090,0,random,128,1.019781
5090,0,random,256,1.014734
5090,0,random,512,1.011383
5090,0,random,1024,1.008413
5090,0,random,2048,1.005545
5090,0,random,4096,1.003378
5090,0,random_pruned,1,1.307760
5090,0,random_pruned,2,1.187117
5090,0,random_pruned,4,1.123210
5090,0,random_pruned,8,1.078911
5090,0,random_pruned,16,1.050490
5090,0,random_pruned,32,1.034078
5090,0,random_pruned,64,1.023368
5090,0,random_pruned,128,1.016878
5090,0,random_pruned,256,1.011882
5090,0,random_pruned,512,1.008570
5090,0,random_pruned,1024,1.006550
5090,0,random_pruned,2048,1.004467
5090,0,random_pruned,4096,1.002878
5090,0,random_cond,1,2.654274
5090,0,random_cond,2,1.425936
5090,0,random_cond,4,1.165873
5090,0,random_cond,8,1.113664
5090,0,random_cond,16,1.077345
5090,0,random_cond,32,1.054381
5090,0,random_cond,64,1.040748
5090,0,random_cond,128,1.029154
5090,0,random_cond,256,1.022809
5090,0,random_cond,512,1.016250
5090,0,random_cond,1024,1.009780
5090,0,random_cond,2048,1.006903
5090,0,random_cond,4096,1.006073
5090,0,tpe,1,1.506019
5090,0,tpe,2,1.150296
5090,0,tpe,4,1.126288
5090,0,tpe,8,1.095457
5090,0,tpe,16,1.076145
5090,0,tpe,32,1.050530
5090,0,tpe,64,1.032367
5090,0,tpe,128,1.020981
5090,0,tpe,256,1.015522
5090,0,tpe,512,1.010770
5090,0,tpe,1024,1.006462
5090,0,our_rule,0,1.030533
5090,0,vendor,0,1.188110
5090,1,random,1,1.749520
5090,1,random,2,1.293746
5090,1,random,4,1.179997
5090,1,random,8,1.107724
5090,1,random,16,1.076086
5090,1,random,32,1.047472
5090,1,random,64,1.028619
5090,1,random,128,1.020571
5090,1,random,256,1.014511
5090,1,random,512,1.011289
5090,1,random,1024,1.008790
5090,1,random,2048,1.006690
5090,1,random,4096,1.004017
5090,1,random_pruned,1,1.396850
5090,1,random_pruned,2,1.253429
5090,1,random_pruned,4,1.170437
5090,1,random_pruned,8,1.107099
5090,1,random_pruned,16,1.073713
5090,1,random_pruned,32,1.045964
5090,1,random_pruned,64,1.029891
5090,1,random_pruned,128,1.020522
5090,1,random_pruned,256,1.014754
5090,1,random_pruned,512,1.011299
5090,1,random_pruned,1024,1.009125
5090,1,random_pruned,2048,1.007401
5090,1,random_pruned,4096,1.004868
5090,1,random_cond,1,2.319759
5090,1,random_cond,2,1.400677
5090,1,random_cond,4,1.213968
5090,1,random_cond,8,1.122317
5090,1,random_cond,16,1.095678
5090,1,random_cond,32,1.066554
5090,1,random_cond,64,1.040893
5090,1,random_cond,128,1.027244
5090,1,random_cond,256,1.020985
5090,1,random_cond,512,1.014046
5090,1,random_cond,1024,1.009951
5090,1,random_cond,2048,1.007699
5090,1,random_cond,4096,1.005091
5090,1,tpe,1,1.683205
5090,1,tpe,2,1.508720
5090,1,tpe,4,1.361639
5090,1,tpe,8,1.120948
5090,1,tpe,16,1.075273
5090,1,tpe,32,1.049173
5090,1,tpe,64,1.027345
5090,1,tpe,128,1.019013
5090,1,tpe,256,1.015821
5090,1,tpe,512,1.011990
5090,1,tpe,1024,1.009133
5090,1,our_rule,0,1.058478
5090,1,vendor,0,1.111096
5090,2,random,1,1.817605
5090,2,random,2,1.315217
5090,2,random,4,1.182258
5090,2,random,8,1.116255
5090,2,random,16,1.074318
5090,2,random,32,1.045845
5090,2,random,64,1.029255
5090,2,random,128,1.020393
5090,2,random,256,1.013279
5090,2,random,512,1.009132
5090,2,random,1024,1.005515
5090,2,random,2048,1.003788
5090,2,random,4096,1.002458
5090,2,random_pruned,1,1.433198
5090,2,random_pruned,2,1.277581
5090,2,random_pruned,4,1.173248
5090,2,random_pruned,8,1.109159
5090,2,random_pruned,16,1.065201
5090,2,random_pruned,32,1.039223
5090,2,random_pruned,64,1.023078
5090,2,random_pruned,128,1.014974
5090,2,random_pruned,256,1.010505
5090,2,random_pruned,512,1.006197
5090,2,random_pruned,1024,1.004248
5090,2,random_pruned,2048,1.001968
5090,2,random_pruned,4096,1.000802
5090,2,random_cond,1,2.799139
5090,2,random_cond,2,1.449794
5090,2,random_cond,4,1.203392
5090,2,random_cond,8,1.142924
5090,2,random_cond,16,1.102423
5090,2,random_cond,32,1.071834
5090,2,random_cond,64,1.039606
5090,2,random_cond,128,1.023361
5090,2,random_cond,256,1.017623
5090,2,random_cond,512,1.012471
5090,2,random_cond,1024,1.007982
5090,2,random_cond,2048,1.004324
5090,2,random_cond,4096,1.001272
5090,2,tpe,1,1.585191
5090,2,tpe,2,1.264419
5090,2,tpe,4,1.196715
5090,2,tpe,8,1.123207
5090,2,tpe,16,1.093623
5090,2,tpe,32,1.057242
5090,2,tpe,64,1.031065
5090,2,tpe,128,1.019923
5090,2,tpe,256,1.009149
5090,2,tpe,512,1.008502
5090,2,tpe,1024,1.007068
5090,2,our_rule,0,1.082873
5090,2,vendor,0,1.146374
5090,3,random,1,1.676607
5090,3,random,2,1.265578
5090,3,random,4,1.147647
5090,3,random,8,1.100453
5090,3,random,16,1.068002
5090,3,random,32,1.047588
5090,3,random,64,1.031807
5090,3,random,128,1.022376
5090,3,random,256,1.016854
5090,3,random,512,1.011450
5090,3,random,1024,1.007734
5090,3,random,2048,1.004303
5090,3,random,4096,1.002104
5090,3,random_pruned,1,1.348829
5090,3,random_pruned,2,1.210745
5090,3,random_pruned,4,1.144665
5090,3,random_pruned,8,1.089287
5090,3,random_pruned,16,1.062576
5090,3,random_pruned,32,1.040975
5090,3,random_pruned,64,1.027028
5090,3,random_pruned,128,1.019580
5090,3,random_pruned,256,1.013660
5090,3,random_pruned,512,1.010513
5090,3,random_pruned,1024,1.007327
5090,3,random_pruned,2048,1.004696
5090,3,random_pruned,4096,1.002172
5090,3,random_cond,1,1.856437
5090,3,random_cond,2,1.363214
5090,3,random_cond,4,1.178404
5090,3,random_cond,8,1.125192
5090,3,random_cond,16,1.088861
5090,3,random_cond,32,1.060605
5090,3,random_cond,64,1.045421
5090,3,random_cond,128,1.029740
5090,3,random_cond,256,1.019976
5090,3,random_cond,512,1.014445
5090,3,random_cond,1024,1.010418
5090,3,random_cond,2048,1.007205
5090,3,random_cond,4096,1.004798
5090,3,tpe,1,1.513392
5090,3,tpe,2,1.276703
5090,3,tpe,4,1.191309
5090,3,tpe,8,1.119887
5090,3,tpe,16,1.088126
5090,3,tpe,32,1.048223
5090,3,tpe,64,1.030659
5090,3,tpe,128,1.019455
5090,3,tpe,256,1.013092
5090,3,tpe,512,1.008760
5090,3,tpe,1024,1.007388
5090,3,our_rule,0,1.048846
5090,3,vendor,0,1.133664
5090,pooled,random,1,1.736998
5090,pooled,random,2,1.276881
5090,pooled,random,4,1.160666
5090,pooled,random,8,1.103184
5090,pooled,random,16,1.068630
5090,pooled,random,32,1.044374
5090,pooled,random,64,1.029020
5090,pooled,random,128,1.020725
5090,pooled,random,256,1.014809
5090,pooled,random,512,1.010821
5090,pooled,random,1024,1.007635
5090,pooled,random,2048,1.005107
5090,pooled,random,4096,1.003015
5090,pooled,random_pruned,1,1.368960
5090,pooled,random_pruned,2,1.230488
5090,pooled,random_pruned,4,1.151801
5090,pooled,random_pruned,8,1.095555
5090,pooled,random_pruned,16,1.062529
5090,pooled,random_pruned,32,1.039825
5090,pooled,random_pruned,64,1.025730
5090,pooled,random_pruned,128,1.017919
5090,pooled,random_pruned,256,1.012653
5090,pooled,random_pruned,512,1.009099
5090,pooled,random_pruned,1024,1.006793
5090,pooled,random_pruned,2048,1.004624
5090,pooled,random_pruned,4096,1.002695
5090,pooled,random_cond,1,2.395496
5090,pooled,random_cond,2,1.410766
5090,pooled,random_cond,4,1.189680
5090,pooled,random_cond,8,1.125605
5090,pooled,random_cond,16,1.090647
5090,pooled,random_cond,32,1.063089
5090,pooled,random_cond,64,1.041579
5090,pooled,random_cond,128,1.027390
5090,pooled,random_cond,256,1.020428
5090,pooled,random_cond,512,1.014360
5090,pooled,random_cond,1024,1.009526
5090,pooled,random_cond,2048,1.006533
5090,pooled,random_cond,4096,1.004354
5090,pooled,tpe,1,1.569235
5090,pooled,tpe,2,1.289342
5090,pooled,tpe,4,1.213513
5090,pooled,tpe,8,1.114139
5090,pooled,tpe,16,1.082969
5090,pooled,tpe,32,1.051310
5090,pooled,tpe,64,1.030414
5090,pooled,tpe,128,1.019884
5090,pooled,tpe,256,1.013463
5090,pooled,tpe,512,1.010047
5090,pooled,tpe,1024,1.007482
5090,pooled,our_rule,0,1.048446
5090,pooled,vendor,0,1.145956
4090,0,random,1,1.695029
4090,0,random,2,1.279366
4090,0,random,4,1.168523
4090,0,random,8,1.108414
4090,0,random,16,1.077560
4090,0,random,32,1.053524
4090,0,random,64,1.038851
4090,0,random,128,1.029254
4090,0,random,256,1.021111
4090,0,random,512,1.015933
4090,0,random,1024,1.010191
4090,0,random,2048,1.006914
4090,0,random,4096,1.003923
4090,0,random_pruned,1,1.404997
4090,0,random_pruned,2,1.235167
4090,0,random_pruned,4,1.160716
4090,0,random_pruned,8,1.109168
4090,0,random_pruned,16,1.071904
4090,0,random_pruned,32,1.053738
4090,0,random_pruned,64,1.038200
4090,0,random_pruned,128,1.027233
4090,0,random_pruned,256,1.020844
4090,0,random_pruned,512,1.014939
4090,0,random_pruned,1024,1.009942
4090,0,random_pruned,2048,1.006202
4090,0,random_pruned,4096,1.003535
4090,0,random_cond,1,2.873803
4090,0,random_cond,2,1.453324
4090,0,random_cond,4,1.252835
4090,0,random_cond,8,1.135598
4090,0,random_cond,16,1.096291
4090,0,random_cond,32,1.072363
4090,0,random_cond,64,1.053301
4090,0,random_cond,128,1.035937
4090,0,random_cond,256,1.030195
4090,0,random_cond,512,1.022692
4090,0,random_cond,1024,1.015376
4090,0,random_cond,2048,1.011171
4090,0,random_cond,4096,1.005733
4090,0,tpe,1,1.533271
4090,0,tpe,2,1.251032
4090,0,tpe,4,1.129747
4090,0,tpe,8,1.081968
4090,0,tpe,16,1.069470
4090,0,tpe,32,1.055860
4090,0,tpe,64,1.042851
4090,0,tpe,128,1.026054
4090,0,tpe,256,1.018584
4090,0,tpe,512,1.010880
4090,0,tpe,1024,1.007315
4090,0,our_rule,0,1.038482
4090,0,vendor,0,1.109127
4090,1,random,1,1.802381
4090,1,random,2,1.328656
4090,1,random,4,1.181111
4090,1,random,8,1.108484
4090,1,random,16,1.073709
4090,1,random,32,1.047271
4090,1,random,64,1.034772
4090,1,random,128,1.022324
4090,1,random,256,1.016070
4090,1,random,512,1.011451
4090,1,random,1024,1.007443
4090,1,random,2048,1.004455
4090,1,random,4096,1.001991
4090,1,random_pruned,1,1.488294
4090,1,random_pruned,2,1.310382
4090,1,random_pruned,4,1.187591
4090,1,random_pruned,8,1.116066
4090,1,random_pruned,16,1.077054
4090,1,random_pruned,32,1.050516
4090,1,random_pruned,64,1.036093
4090,1,random_pruned,128,1.023432
4090,1,random_pruned,256,1.017100
4090,1,random_pruned,512,1.012197
4090,1,random_pruned,1024,1.008324
4090,1,random_pruned,2048,1.005079
4090,1,random_pruned,4096,1.003204
4090,1,random_cond,1,2.151406
4090,1,random_cond,2,1.422079
4090,1,random_cond,4,1.219591
4090,1,random_cond,8,1.129997
4090,1,random_cond,16,1.086345
4090,1,random_cond,32,1.055407
4090,1,random_cond,64,1.038130
4090,1,random_cond,128,1.026941
4090,1,random_cond,256,1.016056
4090,1,random_cond,512,1.010279
4090,1,random_cond,1024,1.007844
4090,1,random_cond,2048,1.004631
4090,1,random_cond,4096,1.002482
4090,1,tpe,1,1.771567
4090,1,tpe,2,1.517530
4090,1,tpe,4,1.406230
4090,1,tpe,8,1.098283
4090,1,tpe,16,1.072061
4090,1,tpe,32,1.042120
4090,1,tpe,64,1.025683
4090,1,tpe,128,1.014941
4090,1,tpe,256,1.011030
4090,1,tpe,512,1.008013
4090,1,tpe,1024,1.004925
4090,1,our_rule,0,1.034661
4090,1,vendor,0,1.066731
4090,2,random,1,1.857849
4090,2,random,2,1.368472
4090,2,random,4,1.220103
4090,2,random,8,1.127647
4090,2,random,16,1.081041
4090,2,random,32,1.051773
4090,2,random,64,1.037148
4090,2,random,128,1.026455
4090,2,random,256,1.016841
4090,2,random,512,1.011760
4090,2,random,1024,1.007677
4090,2,random,2048,1.004893
4090,2,random,4096,1.002392
4090,2,random_pruned,1,1.623647
4090,2,random_pruned,2,1.362378
4090,2,random_pruned,4,1.210905
4090,2,random_pruned,8,1.137438
4090,2,random_pruned,16,1.089035
4090,2,random_pruned,32,1.051368
4090,2,random_pruned,64,1.038363
4090,2,random_pruned,128,1.025790
4090,2,random_pruned,256,1.017357
4090,2,random_pruned,512,1.011952
4090,2,random_pruned,1024,1.007617
4090,2,random_pruned,2048,1.004761
4090,2,random_pruned,4096,1.003009
4090,2,random_cond,1,2.791018
4090,2,random_cond,2,1.444445
4090,2,random_cond,4,1.243214
4090,2,random_cond,8,1.173523
4090,2,random_cond,16,1.105319
4090,2,random_cond,32,1.070628
4090,2,random_cond,64,1.050094
4090,2,random_cond,128,1.032569
4090,2,random_cond,256,1.022243
4090,2,random_cond,512,1.013813
4090,2,random_cond,1024,1.009703
4090,2,random_cond,2048,1.005432
4090,2,random_cond,4096,1.003144
4090,2,tpe,1,1.614529
4090,2,tpe,2,1.333966
4090,2,tpe,4,1.217478
4090,2,tpe,8,1.130496
4090,2,tpe,16,1.090438
4090,2,tpe,32,1.065870
4090,2,tpe,64,1.032405
4090,2,tpe,128,1.021296
4090,2,tpe,256,1.014215
4090,2,tpe,512,1.008151
4090,2,tpe,1024,1.005203
4090,2,our_rule,0,1.063484
4090,2,vendor,0,1.073330
4090,3,random,1,1.676063
4090,3,random,2,1.264978
4090,3,random,4,1.173813
4090,3,random,8,1.111174
4090,3,random,16,1.074577
4090,3,random,32,1.048780
4090,3,random,64,1.032828
4090,3,random,128,1.023134
4090,3,random,256,1.015499
4090,3,random,512,1.010775
4090,3,random,1024,1.006972
4090,3,random,2048,1.004556
4090,3,random,4096,1.002534
4090,3,random_pruned,1,1.449004
4090,3,random_pruned,2,1.275084
4090,3,random_pruned,4,1.176955
4090,3,random_pruned,8,1.116789
4090,3,random_pruned,16,1.071267
4090,3,random_pruned,32,1.049205
4090,3,random_pruned,64,1.034707
4090,3,random_pruned,128,1.023322
4090,3,random_pruned,256,1.016664
4090,3,random_pruned,512,1.011448
4090,3,random_pruned,1024,1.007441
4090,3,random_pruned,2048,1.004773
4090,3,random_pruned,4096,1.002787
4090,3,random_cond,1,1.975850
4090,3,random_cond,2,1.365555
4090,3,random_cond,4,1.184365
4090,3,random_cond,8,1.136476
4090,3,random_cond,16,1.085223
4090,3,random_cond,32,1.060885
4090,3,random_cond,64,1.043128
4090,3,random_cond,128,1.029063
4090,3,random_cond,256,1.017226
4090,3,random_cond,512,1.012992
4090,3,random_cond,1024,1.008553
4090,3,random_cond,2048,1.006064
4090,3,random_cond,4096,1.003660
4090,3,tpe,1,1.528728
4090,3,tpe,2,1.383649
4090,3,tpe,4,1.224639
4090,3,tpe,8,1.103924
4090,3,tpe,16,1.063432
4090,3,tpe,32,1.037977
4090,3,tpe,64,1.027371
4090,3,tpe,128,1.016279
4090,3,tpe,256,1.010258
4090,3,tpe,512,1.008171
4090,3,tpe,1024,1.006263
4090,3,our_rule,0,1.033053
4090,3,vendor,0,1.063432
4090,pooled,random,1,1.757532
4090,pooled,random,2,1.310452
4090,pooled,random,4,1.185906
4090,pooled,random,8,1.113944
4090,pooled,random,16,1.076752
4090,pooled,random,32,1.050359
4090,pooled,random,64,1.035946
4090,pooled,random,128,1.025322
4090,pooled,random,256,1.017408
4090,pooled,random,512,1.012505
4090,pooled,random,1024,1.008087
4090,pooled,random,2048,1.005215
4090,pooled,random,4096,1.002712
4090,pooled,random_pruned,1,1.486971
4090,pooled,random_pruned,2,1.293117
4090,pooled,random_pruned,4,1.183203
4090,pooled,random_pruned,8,1.119494
4090,pooled,random_pruned,16,1.077208
4090,pooled,random_pruned,32,1.051330
4090,pooled,random_pruned,64,1.036925
4090,pooled,random_pruned,128,1.025052
4090,pooled,random_pruned,256,1.018113
4090,pooled,random_pruned,512,1.012735
4090,pooled,random_pruned,1024,1.008403
4090,pooled,random_pruned,2048,1.005246
4090,pooled,random_pruned,4096,1.003154
4090,pooled,random_cond,1,2.424162
4090,pooled,random_cond,2,1.421832
4090,pooled,random_cond,4,1.225366
4090,pooled,random_cond,8,1.143885
4090,pooled,random_cond,16,1.093392
4090,pooled,random_cond,32,1.064860
4090,pooled,random_cond,64,1.046194
4090,pooled,random_cond,128,1.031155
4090,pooled,random_cond,256,1.021481
4090,pooled,random_cond,512,1.014964
4090,pooled,random_cond,1024,1.010394
4090,pooled,random_cond,2048,1.006833
4090,pooled,random_cond,4096,1.003755
4090,pooled,tpe,1,1.610429
4090,pooled,tpe,2,1.367938
4090,pooled,tpe,4,1.240840
4090,pooled,tpe,8,1.103524
4090,pooled,tpe,16,1.073969
4090,pooled,tpe,32,1.050597
4090,pooled,tpe,64,1.032130
4090,pooled,tpe,128,1.019686
4090,pooled,tpe,256,1.013568
4090,pooled,tpe,512,1.008813
4090,pooled,tpe,1024,1.005920
4090,pooled,our_rule,0,1.036336
4090,pooled,vendor,0,1.078236
h100,0,random,1,2.633367
h100,0,random,2,1.917307
h100,0,random,4,1.636102
h100,0,random,8,1.459774
h100,0,random,16,1.338954
h100,0,random,32,1.259581
h100,0,random,64,1.183114
h100,0,random,128,1.127045
h100,0,random,256,1.083854
h100,0,random,512,1.055784
h100,0,random,1024,1.031843
h100,0,random,2048,1.018006
h100,0,random,4096,1.010837
h100,0,random_pruned,1,2.089061
h100,0,random_pruned,2,1.793976
h100,0,random_pruned,4,1.588521
h100,0,random_pruned,8,1.439358
h100,0,random_pruned,16,1.329414
h100,0,random_pruned,32,1.252933
h100,0,random_pruned,64,1.180993
h100,0,random_pruned,128,1.119383
h100,0,random_pruned,256,1.080016
h100,0,random_pruned,512,1.048047
h100,0,random_pruned,1024,1.028887
h100,0,random_pruned,2048,1.016199
h100,0,random_pruned,4096,1.009632
h100,0,random_cond,1,3.141754
h100,0,random_cond,2,1.944452
h100,0,random_cond,4,1.652428
h100,0,random_cond,8,1.525613
h100,0,random_cond,16,1.376047
h100,0,random_cond,32,1.274630
h100,0,random_cond,64,1.160078
h100,0,random_cond,128,1.112193
h100,0,random_cond,256,1.072585
h100,0,random_cond,512,1.051228
h100,0,random_cond,1024,1.036692
h100,0,random_cond,2048,1.024994
h100,0,random_cond,4096,1.017435
h100,0,tpe,1,1.809591
h100,0,tpe,2,1.641781
h100,0,tpe,4,1.626704
h100,0,tpe,8,1.476409
h100,0,tpe,16,1.383283
h100,0,tpe,32,1.261768
h100,0,tpe,64,1.098949
h100,0,tpe,128,1.064859
h100,0,tpe,256,1.053859
h100,0,tpe,512,1.036229
h100,0,tpe,1024,1.027864
h100,0,our_rule,0,1.049450
h100,0,vendor,0,1.097242
h100,1,random,1,2.799507
h100,1,random,2,1.944062
h100,1,random,4,1.622242
h100,1,random,8,1.440529
h100,1,random,16,1.311357
h100,1,random,32,1.224204
h100,1,random,64,1.153281
h100,1,random,128,1.100428
h100,1,random,256,1.069000
h100,1,random,512,1.042280
h100,1,random,1024,1.021042
h100,1,random,2048,1.011206
h100,1,random,4096,1.006190
h100,1,random_pruned,1,2.223541
h100,1,random_pruned,2,1.831898
h100,1,random_pruned,4,1.643307
h100,1,random_pruned,8,1.460451
h100,1,random_pruned,16,1.305814
h100,1,random_pruned,32,1.218739
h100,1,random_pruned,64,1.157096
h100,1,random_pruned,128,1.103986
h100,1,random_pruned,256,1.061758
h100,1,random_pruned,512,1.036010
h100,1,random_pruned,1024,1.021235
h100,1,random_pruned,2048,1.010235
h100,1,random_pruned,4096,1.005305
h100,1,random_cond,1,3.630953
h100,1,random_cond,2,2.171727
h100,1,random_cond,4,1.699057
h100,1,random_cond,8,1.433388
h100,1,random_cond,16,1.290071
h100,1,random_cond,32,1.198693
h100,1,random_cond,64,1.127452
h100,1,random_cond,128,1.079448
h100,1,random_cond,256,1.042432
h100,1,random_cond,512,1.023472
h100,1,random_cond,1024,1.016668
h100,1,random_cond,2048,1.010293
h100,1,random_cond,4096,1.005518
h100,1,tpe,1,1.991387
h100,1,tpe,2,1.868117
h100,1,tpe,4,1.472115
h100,1,tpe,8,1.317849
h100,1,tpe,16,1.236805
h100,1,tpe,32,1.126456
h100,1,tpe,64,1.060327
h100,1,tpe,128,1.034002
h100,1,tpe,256,1.027775
h100,1,tpe,512,1.013720
h100,1,tpe,1024,1.008081
h100,1,our_rule,0,1.083022
h100,1,vendor,0,1.121705
h100,2,random,1,2.962352
h100,2,random,2,2.061015
h100,2,random,4,1.700399
h100,2,random,8,1.505956
h100,2,random,16,1.352404
h100,2,random,32,1.270215
h100,2,random,64,1.189509
h100,2,random,128,1.129454
h100,2,random,256,1.083085
h100,2,random,512,1.053653
h100,2,random,1024,1.029178
h100,2,random,2048,1.015929
h100,2,random,4096,1.008362
h100,2,random_pruned,1,2.439140
h100,2,random_pruned,2,1.933210
h100,2,random_pruned,4,1.669358
h100,2,random_pruned,8,1.497648
h100,2,random_pruned,16,1.370861
h100,2,random_pruned,32,1.256995
h100,2,random_pruned,64,1.170713
h100,2,random_pruned,128,1.123244
h100,2,random_pruned,256,1.081382
h100,2,random_pruned,512,1.047896
h100,2,random_pruned,1024,1.025761
h100,2,random_pruned,2048,1.015296
h100,2,random_pruned,4096,1.008250
h100,2,random_cond,1,3.401364
h100,2,random_cond,2,2.082979
h100,2,random_cond,4,1.659728
h100,2,random_cond,8,1.422381
h100,2,random_cond,16,1.310896
h100,2,random_cond,32,1.222565
h100,2,random_cond,64,1.150031
h100,2,random_cond,128,1.088946
h100,2,random_cond,256,1.049080
h100,2,random_cond,512,1.029332
h100,2,random_cond,1024,1.017888
h100,2,random_cond,2048,1.010596
h100,2,random_cond,4096,1.006874
h100,2,tpe,1,2.053619
h100,2,tpe,2,1.756066
h100,2,tpe,4,1.662781
h100,2,tpe,8,1.496210
h100,2,tpe,16,1.358692
h100,2,tpe,32,1.242641
h100,2,tpe,64,1.126885
h100,2,tpe,128,1.067919
h100,2,tpe,256,1.038506
h100,2,tpe,512,1.020323
h100,2,tpe,1024,1.010702
h100,2,our_rule,0,1.048741
h100,2,vendor,0,1.136977
h100,3,random,1,2.895163
h100,3,random,2,1.950740
h100,3,random,4,1.671796
h100,3,random,8,1.504176
h100,3,random,16,1.359482
h100,3,random,32,1.269516
h100,3,random,64,1.195947
h100,3,random,128,1.134132
h100,3,random,256,1.093711
h100,3,random,512,1.057902
h100,3,random,1024,1.034855
h100,3,random,2048,1.019507
h100,3,random,4096,1.009598
h100,3,random_pruned,1,2.224360
h100,3,random_pruned,2,1.894638
h100,3,random_pruned,4,1.647371
h100,3,random_pruned,8,1.479785
h100,3,random_pruned,16,1.355967
h100,3,random_pruned,32,1.268649
h100,3,random_pruned,64,1.179405
h100,3,random_pruned,128,1.133011
h100,3,random_pruned,256,1.090715
h100,3,random_pruned,512,1.051317
h100,3,random_pruned,1024,1.030193
h100,3,random_pruned,2048,1.016794
h100,3,random_pruned,4096,1.007970
h100,3,random_cond,1,2.779536
h100,3,random_cond,2,2.182041
h100,3,random_cond,4,1.755667
h100,3,random_cond,8,1.505684
h100,3,random_cond,16,1.337417
h100,3,random_cond,32,1.244511
h100,3,random_cond,64,1.134370
h100,3,random_cond,128,1.097222
h100,3,random_cond,256,1.050605
h100,3,random_cond,512,1.032030
h100,3,random_cond,1024,1.024955
h100,3,random_cond,2048,1.016117
h100,3,random_cond,4096,1.009452
h100,3,tpe,1,1.923424
h100,3,tpe,2,1.782359
h100,3,tpe,4,1.616042
h100,3,tpe,8,1.454710
h100,3,tpe,16,1.320389
h100,3,tpe,32,1.211405
h100,3,tpe,64,1.078889
h100,3,tpe,128,1.050833
h100,3,tpe,256,1.037483
h100,3,tpe,512,1.025516
h100,3,tpe,1024,1.016566
h100,3,our_rule,0,1.039139
h100,3,vendor,0,1.127839
h100,pooled,random,1,2.818668
h100,pooled,random,2,1.967794
h100,pooled,random,4,1.657125
h100,pooled,random,8,1.476915
h100,pooled,random,16,1.340122
h100,pooled,random,32,1.255520
h100,pooled,random,64,1.180103
h100,pooled,random,128,1.122506
h100,pooled,random,256,1.082198
h100,pooled,random,512,1.052300
h100,pooled,random,1024,1.029127
h100,pooled,random,2048,1.016104
h100,pooled,random,4096,1.008732
h100,pooled,random_pruned,1,2.235362
h100,pooled,random_pruned,2,1.859639
h100,pooled,random_pruned,4,1.634962
h100,pooled,random_pruned,8,1.467908
h100,pooled,random_pruned,16,1.339625
h100,pooled,random_pruned,32,1.248982
h100,pooled,random_pruned,64,1.172198
h100,pooled,random_pruned,128,1.119611
h100,pooled,random_pruned,256,1.078258
h100,pooled,random_pruned,512,1.045784
h100,pooled,random_pruned,1024,1.026532
h100,pooled,random_pruned,2048,1.014645
h100,pooled,random_pruned,4096,1.007850
h100,pooled,random_cond,1,3.230161
h100,pooled,random_cond,2,2.091706
h100,pooled,random_cond,4,1.690225
h100,pooled,random_cond,8,1.470548
h100,pooled,random_cond,16,1.328076
h100,pooled,random_cond,32,1.234629
h100,pooled,random_cond,64,1.143047
h100,pooled,random_cond,128,1.094342
h100,pooled,random_cond,256,1.053663
h100,pooled,random_cond,512,1.033994
h100,pooled,random_cond,1024,1.024005
h100,pooled,random_cond,2048,1.015472
h100,pooled,random_cond,4096,1.009815
h100,pooled,tpe,1,1.942676
h100,pooled,tpe,2,1.759858
h100,pooled,tpe,4,1.592334
h100,pooled,tpe,8,1.434215
h100,pooled,tpe,16,1.323657
h100,pooled,tpe,32,1.209403
h100,pooled,tpe,64,1.091177
h100,pooled,tpe,128,1.054373
h100,pooled,tpe,256,1.039394
h100,pooled,tpe,512,1.023889
h100,pooled,tpe,1024,1.015762
h100,pooled,our_rule,0,1.050343
h100,pooled,vendor,0,1.120733
